{
  "Abilene Christian": "Abilene Christian Wildcats",
  "Air Force": "Air Force Falcons",
  "Akron": "Akron Zips",
  "Alabama": "Alabama Crimson Tide",
  "Alabama A&M Bulldogs": "Alabama A&M Bulldogs",
  "Alabama State": "Alabama State Hornets",
  "Alcorn State Braves": "Alcorn State Braves",
  "App State": "Appalachian State Mountaineers",
  "Arizona": "Arizona Wildcats",
  "Arizona State": "Arizona State Sun Devils",
  "Arkansas": "Arkansas Razorbacks",
  "Arkansas State": "Arkansas State Red Wolves",
  "Arkansas-Pine Bluff": "Arkansas-Pine Bluff",
  "Army": "Army West Point Black Knights",
  "Auburn": "Auburn Tigers",
  "Austin Peay": "Austin Peay Governors",
  "BYU": "BYU Cougars",
  "Ball State": "Ball State Cardinals",
  "Baylor": "Baylor Bears",
  "Bethune-Cookman": "Bethune-Cookman Wildcats",
  "Boise State": "Boise State Broncos",
  "Boston College": "Boston College Eagles",
  "Bowling Green": "Bowling Green State Falcons",
  "Bryant": "Bryant Bulldogs",
  "Bucknell": "Bucknell Bison",
  "Buffalo": "Buffalo Bulls",
  "Cal Poly": "Cal Poly Mustangs",
  "California": "California Golden Bears",
  "Campbell": "Campbell Fighting Camels",
  "Central Arkansas": "Central Arkansas Bears",
  "Central Connecticut": "Central Connecticut State Blue Devils",
  "Central Michigan": "Central Michigan Chippewas",
  "Charleston Southern": "Charleston Southern Buccaneers",
  "Charlotte 49ers": "Charlotte 49ers",
  "North Carolina Charlotte 49ers": "Charlotte 49ers",
  "Chattanooga": "Chattanooga Mocs",
  "Cincinnati": "Cincinnati Bearcats",
  "Clemson": "Clemson Tigers",
  "Coastal Carolina": "Coastal Carolina Chanticleers",
  "Colgate": "Colgate Raiders",
  "Colorado": "Colorado Buffaloes",
  "Colorado State Rams": "Colorado State Rams",
  "Colorado State Rams Football": "Colorado State",
  "Delaware": "Delaware Blue Hens",
  "Delaware State": "Delaware State Hornets",
  "Duke": "Duke Blue Devils",
  "Duquesne": "Duquesne Dukes",
  "East Carolina": "East Carolina Pirates",
  "East Tennessee State": "East Tennessee State Buccaneers",
  "East Texas A&M": "East Texas A&M Lions",
  "Eastern Illinois": "Eastern Illinois Panthers",
  "Eastern Kentucky": "Eastern Kentucky Colonels",
  "Eastern Michigan": "Eastern Michigan Eagles",
  "Eastern Washington": "Eastern Washington Eagles",
  "Elon": "Elon Phoenix",
  "FAU": "Florida Atlantic Owls",
  "FIU": "Florida International Panthers",
  "Florida": "Florida Gators",
  "Florida A&M": "Florida A&M Rattlers",
  "Florida Atlantic": "Florida Atlantic Owls",
  "Florida International": "Florida International Panthers",
  "Florida Intl": "Florida International Panthers",
  "Florida State": "Florida State Seminoles",
  "Fordham": "Fordham Rams",
  "Fresno State": "Fresno State Bulldogs",
  "Furman": "Furman Paladins",
  "Gardner-Webb": "Gardner-Webb Runnin' Bulldogs",
  "Georgia": "Georgia Bulldogs",
  "Georgia Southern": "Georgia Southern Eagles",
  "Georgia State": "Georgia State Panthers",
  "Georgia Tech": "Georgia Tech Yellow Jackets",
  "Grambling": "Grambling State",
  "Hawai'i": "Hawaii Rainbow Warriors",
  "Hawaii Warriors Football": "Hawaii Rainbow Warriors",
  "Holy Cross": "Holy Cross Crusaders",
  "Houston": "Houston Cougars",
  "Houston Christian": "Houston Christian Huskies",
  "Howard": "Howard",
  "Idaho": "Idaho Vandals",
  "Idaho State": "Idaho State Bengals",
  "Illinois": "Illinois Fighting Illini",
  "Illinois State": "Illinois State Redbirds",
  "Incarnate Word": "Incarnate Word Cardinals",
  "Indiana": "Indiana Hoosiers",
  "Indiana State": "Indiana State Sycamores",
  "Iowa": "Iowa Hawkeyes",
  "Iowa State": "Iowa State Cyclones",
  "Jackson State": "Jackson State",
  "Jacksonville State": "Jacksonville State Gamecocks",
  "James Madison": "James Madison Dukes",
  "Kansas": "Kansas Jayhawks",
  "Kansas State": "Kansas State Wildcats",
  "Kennesaw State": "Kennesaw State Owls",
  "Kent State": "Kent State Golden Flashes",
  "Kentucky": "Kentucky Wildcats",
  "LSU": "LSU Tigers",
  "Lafayette": "Lafayette Leopards",
  "Lamar": "Lamar",
  "Liberty": "Liberty Flames",
  "Lindenwood": "Lindenwood Lions",
  "Long Island University Sharks": "LIU Sharks",
  "Louisiana": "Louisiana Lafayette Ragin Cajuns",
  "Louisiana Tech": "Louisiana Tech Bulldogs",
  "Louisiana-Lafayette": "Louisiana Lafayette Ragin Cajuns",
  "Louisville": "Louisville Cardinals",
  "Maine": "Maine Black Bears",
  "Marshall": "Marshall Thundering Herd",
  "Maryland": "Maryland Terrapins",
  "Massachusetts": "UMass Minutemen",
  "McNeese": "McNeese State Cowboys",
  "Memphis": "Memphis Tigers",
  "Mercer": "Mercer Bears",
  "Merrimack": "Merrimack Warriors",
  "Miami": "Miami Hurricanes",
  "Miami (FL)": "Miami Hurricanes",
  "Miami (OH)": "Miami (OH) RedHawks",
  "Miami Redhawks Football": "Miami (OH) RedHawks",
  "Michigan": "Michigan Wolverines",
  "Michigan State": "Michigan State Spartans",
  "Middle Tennessee": "Middle Tennessee Blue Raiders",
  "Minnesota": "Minnesota Golden Gophers",
  "Mississippi State": "Mississippi State Bulldogs",
  "Missouri": "Missouri Tigers",
  "Missouri State": "Missouri State Bears",
  "Monmouth": "Monmouth Hawks",
  "Montana State": "Montana State Bobcats",
  "Morgan State": "Morgan State",
  "Murray State": "Murray State Racers",
  "NC State": "North Carolina State Wolfpack",
  "Navy": "Navy Midshipmen",
  "Nebraska": "Nebraska Cornhuskers",
  "Nevada": "Nevada Wolf Pack",
  "New Hampshire": "New Hampshire Wildcats",
  "New Mexico": "New Mexico Lobos",
  "New Mexico State": "New Mexico State Aggies",
  "Nicholls": "Nicholls State Colonels",
  "Norfolk State": "Norfolk State Spartans",
  "North Alabama": "North Alabama Lions",
  "North Carolina": "North Carolina Tar Heels",
  "North Carolina A&T": "North Carolina A&T Aggies",
  "North Carolina Central": "North Carolina Central",
  "North Carolina Charlotte 49Ers Football": "Charlotte 49ers",
  "North Dakota Fighting Hawks": "North Dakota Fighting Hawks",
  "North Texas": "North Texas Mean Green",
  "Northern Arizona": "Northern Arizona Lumberjacks",
  "Northern Colorado": "Northern Colorado Bears",
  "Northern Illinois": "Northern Illinois Huskies",
  "Northern Iowa": "Northern Iowa Panthers",
  "Northwestern": "Northwestern Wildcats",
  "Northwestern State": "Northwestern State Demons",
  "Notre Dame": "Notre Dame Fighting Irish",
  "Ohio": "Ohio Bobcats",
  "Ohio State": "Ohio State Buckeyes",
  "Oklahoma": "Oklahoma Sooners",
  "Oklahoma State": "Oklahoma State Cowboys",
  "Old Dominion": "Old Dominion Monarchs",
  "Ole Miss": "Mississippi Rebels",
  "Oregon": "Oregon Ducks",
  "Oregon State": "Oregon State Beavers",
  "Penn State": "Penn State Nittany Lions",
  "Pitt": "Pittsburgh Panthers",
  "Pittsburgh": "Pittsburgh Panthers",
  "Portland State": "Portland State Vikings",
  "Prairie View A&M": "Prairie View A&M",
  "Purdue": "Purdue Boilermakers",
  "Rhode Island": "Rhode Island Rams",
  "Rice": "Rice Owls",
  "Richmond": "Richmond Spiders",
  "Robert Morris": "Robert Morris Colonials",
  "Rutgers": "Rutgers Scarlet Knights",
  "SE Louisiana": "Southeastern Louisiana Lions",
  "SMU": "Southern Methodist (SMU) Mustangs",
  "Sacramento State": "Sacramento State Hornets",
  "Sam Houston": "Sam Houston State Bearkats",
  "Samford": "Samford Bulldogs",
  "San Diego State": "San Diego State Aztecs",
  "San Jose State": "San Jose State Spartans",
  "San Jos\u00e9 State": "San Jose State Spartans",
  "Smu Mustangs Football": "Southern Methodist (SMU) Mustangs",
  "South Alabama": "South Alabama Jaguars",
  "South Carolina": "South Carolina Gamecocks",
  "South Carolina State": "South Carolina State Bulldogs",
  "South Dakota": "South Dakota Coyotes",
  "South Florida": "South Florida Bulls",
  "Southeast Missouri State": "Southeast Missouri State Redhawks",
  "Southern": "Southern Jaguars",
  "Southern Illinois": "Southern Illinois Salukis",
  "Southern Miss": "Southern Miss Golden Eagles",
  "St. Francis (PA)": "Saint Francis (PA) Red Flash",
  "Stanford": "Stanford Cardinals",
  "Stanford Cardinal Football": "Stanford Cardinals",
  "Stephen F. Austin": "Stephen F. Austin Lumberjacks",
  "Stony Brook": "Stony Brook Seawolves",
  "Syracuse": "Syracuse Orange",
  "TCU": "TCU Horned Frogs",
  "Tarleton State": "Tarleton State Texans",
  "Temple": "Temple Owls",
  "Tennessee": "Tennessee Volunteers",
  "Tennessee Tech": "Tennessee Tech Golden Eagles",
  "Texas": "Texas Longhorns",
  "Texas A&M": "Texas A&M Aggies",
  "Texas Am Aggies Football": "Texas A&M Aggies",
  "Texas Southern": "Texas Southern Tigers",
  "Texas State": "Texas State Bobcats",
  "Texas Tech": "Texas Tech Red Raiders",
  "The Citadel": "The Citadel Bulldogs",
  "Toledo": "Toledo Rockets",
  "Towson": "Towson Tigers",
  "Troy": "Troy Trojans",
  "Tulane": "Tulane Green Wave",
  "Tulsa": "Tulsa Golden Hurricane",
  "UAB": "UAB Blazers",
  "UAlbany": "UAlbany Great Danes",
  "UC Davis": "UC Davis Aggies",
  "UCF": "UCF Knights",
  "UCLA": "UCLA Bruins",
  "UConn": "UConn Huskies",
  "UL Monroe": "Louisiana Monroe Warhawks",
  "UMass": "UMass Minutemen",
  "UNLV": "UNLV Rebels",
  "USC": "USC Trojans",
  "UT Martin": "UT Martin Skyhawks",
  "UTEP": "UTEP Miners",
  "UTSA": "UTSA Roadrunners",
  "Uconn": "UConn Huskies",
  "Utah": "Utah Utes",
  "Utah State": "Utah State Aggies",
  "Utsa Roadrunners": "UTSA Roadrunners",
  "VMI": "VMI Keydets",
  "Vanderbilt": "Vanderbilt Commodores",
  "Villanova": "Villanova Wildcats",
  "Virginia": "Virginia Cavaliers",
  "Virginia Tech": "Virginia Tech Hokies",
  "Wagner": "Wagner Seahawks",
  "Wake Forest": "Wake Forest Demon Deacons",
  "Washington": "Washington Huskies",
  "Washington State": "Washington State Cougars",
  "Weber State": "Weber State Wildcats",
  "West Virginia": "West Virginia Mountaineers",
  "Western Carolina": "Western Carolina Catamounts",
  "Western Illinois": "Western Illinois Leathernecks",
  "Western Kentucky": "Western Kentucky Hilltoppers",
  "Western Michigan": "Western Michigan Broncos",
  "Wheeling Jesuit Cardinals": "Wheeling Cardinals",
  "William & Mary": "William & Mary Tribe",
  "Wisconsin": "Wisconsin Badgers",
  "Wofford": "Wofford Terriers",
  "Wyoming": "Wyoming Cowboys",
  "Youngstown State": "Youngstown State Penguins"
}
